<?xml version="1.0" encoding="UTF-8" ?>
<!DOCTYPE log4j:configuration SYSTEM "log4j.dtd">
<log4j:configuration xmlns:log4j="http://jakarta.apache.org/log4j/">
    <appender name="CONSOLE" class="org.apache.log4j.ConsoleAppender">
        <layout class="org.apache.log4j.PatternLayout">
            <param name="conversionPattern" value="%d{ISO8601} [%t] %-5p %c %x - %m%n" />
        </layout>
    </appender>
    
    <!-- <logger name="org.mbari">
        <level value="debug" />
    </logger> -->
    
    <root>
        <priority value="info" />
        <appender-ref ref="CONSOLE" />
    </root>

</log4j:configuration>
